"T/Case ID"	"T/Case Title"	"검증 목적"	"시험 방법"	"Test Step"	"Expected Result"
"TC_CMPLX_001"	"도어 잠금 조건 제어"	"차량 속도에 따른 도어 잠금 자동 제어 검증"	"자연어 분석"	"차량 속도가 10 km/h 이상이면 도어를 잠근다.
그렇지 않으면 도어를 해제한다."	"속도에 따라 도어 잠금 상태가 정확히 변경됨"
"TC_CMPLX_002"	"와이퍼 3단계 반복 테스트"	"와이퍼 LOW/HIGH 반복 동작 검증"	"자연어 분석"	"와이퍼를 LOW로 설정하고 2초 대기하는 동작을 3회 반복한다."	"와이퍼가 LOW 사이클을 3회 정상 반복함"
"TC_CMPLX_003"	"시동 상태에 따른 헤드램프 제어"	"IGN 상태에 따라 헤드램프 자동 점등/소등 검증"	"자연어 분석"	"시동이 ON인 경우 헤드램프를 LOW 빔으로 켠다.
시동이 OFF이면 헤드램프를 끈다."	"시동 상태에 따라 헤드램프가 올바르게 켜지고 꺼짐"
"TC_CMPLX_004"	"속도 구간별 반복 측정"	"속도를 10 단계로 증가시키며 상태 확인"	"자연어 분석"	"차량 속도를 10 km/h로 설정하고 1초 대기한다.
현재 차량 속도가 10 km/h인지 확인한다."	"속도 설정 값이 정확히 반영되고 확인됨"
"TC_CMPLX_005"	"복합 시퀀스: 시동-주행-정지"	"시동 ON 이후 속도 증가 후 정지까지의 복합 시퀀스 검증"	"자연어 분석"	"시동을 ON으로 설정한다.
차량 속도를 50 km/h로 설정한다.
5초 대기한다.
차량 속도를 0 km/h로 설정한다.
시동을 OFF로 설정한다."	"시동 ON/OFF 및 속도 제어 시퀀스가 순서대로 정상 동작함"
